loss,val_loss,epoch
3418113536.0,3132687360.0,0
3017622528.0,2874678016.0,1
2822976256.0,2752225024.0,2
2692670720.0,2684748800.0,3
2534639872.0,2511418624.0,4
2371194880.0,2351068416.0,5
2145305600.0,2260427520.0,6
1942958592.0,2037410944.0,7
1732522624.0,1869978624.0,8
1579396864.0,1747021184.0,9
1465712000.0,1599379072.0,10
1342328192.0,1494911360.0,11
1233521152.0,1396972672.0,12
1135820160.0,1328945536.0,13
1109042560.0,1199591552.0,14
1023318272.0,1144179968.0,15
941540608.0,1081112576.0,16
903927872.0,1086754304.0,17
901320512.0,963622400.0,18
854259200.0,948412352.0,19
808351360.0,875832960.0,20
778424128.0,822966016.0,21
763327872.0,796992768.0,22
731293440.0,806916032.0,23
704380800.0,749334016.0,24
706506624.0,729327040.0,25
688719424.0,736489344.0,26
680006528.0,698723520.0,27
656684416.0,636475008.0,28
628342208.0,646239488.0,29
603619328.0,628226112.0,30
617338752.0,586328960.0,31
600712064.0,620396736.0,32
600855808.0,537976768.0,33
579757184.0,546604672.0,34
579633024.0,525525152.0,35
587934912.0,516139872.0,36
567276480.0,490483232.0,37
552345088.0,461668160.0,38
535525632.0,516015456.0,39
540744896.0,503350144.0,40
594059776.0,463450272.0,41
538194560.0,463280512.0,42
531948768.0,454331104.0,43
548555968.0,440168384.0,44
543897472.0,393895616.0,45
536083328.0,379387168.0,46
558756928.0,373835424.0,47
544910848.0,341655520.0,48
528625600.0,349730848.0,49
513803904.0,338634144.0,50
484800576.0,340302880.0,51
486254208.0,351592320.0,52
468603264.0,362373376.0,53
474153184.0,319172128.0,54
484501632.0,303825952.0,55
470917952.0,329266752.0,56
474912672.0,306217248.0,57
470864352.0,333284160.0,58
464324384.0,309620000.0,59
450269088.0,315292256.0,60
481197888.0,331223232.0,61
432396160.0,318102176.0,62
466688832.0,283097376.0,63
458733760.0,299025664.0,64
472357568.0,299974208.0,65
444361792.0,344406848.0,66
438877568.0,276434656.0,67
419941472.0,293197792.0,68
461849248.0,258532752.0,69
424292960.0,248702496.0,70
425059328.0,390317024.0,71
463304960.0,377468352.0,72
456538912.0,324934528.0,73
430692896.0,282063104.0,74
385809824.0,381011168.0,75
445837024.0,301701760.0,76
458826720.0,259435424.0,77
446453696.0,287269728.0,78
416725088.0,262348816.0,79
408248256.0,237090816.0,80
429226112.0,222583088.0,81
412861088.0,296537120.0,82
395088608.0,398708160.0,83
408747424.0,258171536.0,84
414688992.0,259089408.0,85
406946720.0,315376672.0,86
398310240.0,247631664.0,87
380295264.0,240984640.0,88
392750304.0,230295936.0,89
410793344.0,250094448.0,90
371599488.0,309208960.0,91
414852576.0,321318432.0,92
398568384.0,322985152.0,93
398520032.0,240044640.0,94
366780704.0,205147840.0,95
386354912.0,235026064.0,96
400950144.0,319306304.0,97
401548128.0,227311408.0,98
380225632.0,221410592.0,99
365652320.0,244544240.0,100
366798048.0,223928000.0,101
360467232.0,392750304.0,102
394257216.0,233104768.0,103
375016992.0,246388368.0,104
377365344.0,222256576.0,105
358964512.0,284591744.0,106
369931648.0,258693200.0,107
352317952.0,262839664.0,108
383322080.0,225320912.0,109
359550816.0,286586336.0,110
362164832.0,263928336.0,111
388728416.0,226672976.0,112
351726912.0,296353408.0,113
333955840.0,230526288.0,114
365670592.0,222190912.0,115
378598464.0,230645264.0,116
357440864.0,246200224.0,117
331387840.0,200716496.0,118
369776576.0,275018336.0,119
355058112.0,237036448.0,120
419769024.0,326024032.0,121
326890176.0,285175328.0,122
359211616.0,238915760.0,123
363927424.0,211184064.0,124
339761248.0,287031520.0,125
371677472.0,236144912.0,126
332219808.0,243610496.0,127
318779616.0,239429024.0,128
348344032.0,232220016.0,129
360233792.0,290244896.0,130
322537248.0,212158512.0,131
348373952.0,240696736.0,132
384186432.0,305368864.0,133
320165760.0,259167024.0,134
346431616.0,210153120.0,135
318187104.0,227008928.0,136
337471328.0,248882720.0,137
318493184.0,255809472.0,138
325805088.0,246321584.0,139
319740800.0,407320960.0,140
322906464.0,255584448.0,141
327696032.0,230812176.0,142
303570912.0,248395504.0,143
306322016.0,209891184.0,144
327884864.0,230103504.0,145
303786624.0,229953520.0,146
352649248.0,215708656.0,147
308028832.0,336128384.0,148
373804576.0,332793216.0,149
344706592.0,305112512.0,150
299536640.0,272265152.0,151
294200928.0,223151056.0,152
336697248.0,290441504.0,153
295667360.0,242669584.0,154
288086368.0,298977824.0,155
290458752.0,265202000.0,156
292805440.0,279878240.0,157
290806240.0,294100640.0,158
301707520.0,257741232.0,159
286799072.0,356137472.0,160
299486912.0,231616256.0,161
320906880.0,322823360.0,162
299136832.0,326809728.0,163
288638720.0,287273696.0,164
288946464.0,429790656.0,165
331113216.0,289371232.0,166
304759296.0,300237376.0,167
278681056.0,387607456.0,168
283254400.0,258852336.0,169
290679616.0,312716992.0,170
298834112.0,377699584.0,171
278990240.0,225124832.0,172
312129376.0,529527840.0,173
293189376.0,225837664.0,174
276057248.0,256859952.0,175
294352320.0,401328832.0,176
275845504.0,297974720.0,177
287176480.0,236242944.0,178
267770784.0,474615744.0,179
304073856.0,267940864.0,180
291790464.0,377841856.0,181
302861536.0,618466176.0,182
271004384.0,220650320.0,183
267957264.0,300627968.0,184
269630496.0,351446144.0,185
275751936.0,246348736.0,186
288886720.0,327719936.0,187
256932192.0,253675488.0,188
250515296.0,325022432.0,189
268254560.0,343568320.0,190
268016544.0,543225088.0,191
269802624.0,292335168.0,192
262744944.0,475837568.0,193
276287360.0,245741712.0,194
296676448.0,301133536.0,195
278522016.0,363080608.0,196
258074384.0,381616608.0,197
284936576.0,229084864.0,198
257317712.0,297563584.0,199
246254640.0,268285680.0,200
238804512.0,333332864.0,201
262485088.0,298134336.0,202
253476144.0,376801376.0,203
293999040.0,621860224.0,204
300328352.0,482422336.0,205
255508864.0,301786368.0,206
248186736.0,239201168.0,207
244749568.0,518053888.0,208
247272416.0,326481632.0,209
256482304.0,381931552.0,210
239406832.0,279766080.0,211
254242016.0,297526944.0,212
238808096.0,265370032.0,213
248356400.0,382087808.0,214
252843584.0,295682752.0,215
252010768.0,241800864.0,216
272814688.0,519081472.0,217
299919328.0,327401632.0,218
235139552.0,233358224.0,219
245748768.0,294272416.0,220
243175632.0,317287808.0,221
240135744.0,307959488.0,222
245157776.0,281900192.0,223
241836864.0,283575488.0,224
285220064.0,751013248.0,225
248770704.0,355366944.0,226
240550720.0,349920960.0,227
244224048.0,336154080.0,228
250668416.0,297519296.0,229
252197712.0,466679840.0,230
269006688.0,297202976.0,231
243140512.0,402907520.0,232
229812032.0,299898976.0,233
226386944.0,342576448.0,234
237074352.0,465816064.0,235
270655392.0,346619232.0,236
230123456.0,278131296.0,237
226155728.0,377576032.0,238
247125376.0,335506240.0,239
230668496.0,437456608.0,240
230835088.0,270769152.0,241
228943120.0,420769504.0,242
235780160.0,340514080.0,243
217945856.0,451401248.0,244
217390672.0,410524576.0,245
271724032.0,256890432.0,246
245167888.0,395563680.0,247
231250752.0,357835808.0,248
230281824.0,271912512.0,249
247269104.0,771411456.0,250
255642000.0,341237440.0,251
216840272.0,467588864.0,252
210684352.0,431504416.0,253
217456320.0,404642432.0,254
225019504.0,477140672.0,255
240315792.0,275385504.0,256
274686784.0,284908032.0,257
226940624.0,297250944.0,258
218440800.0,380778304.0,259
220404912.0,267543584.0,260
224502576.0,413571104.0,261
220655664.0,476840064.0,262
213434992.0,278418048.0,263
216474704.0,274027168.0,264
210322864.0,331457792.0,265
220464400.0,395963072.0,266
202291040.0,342093536.0,267
206210512.0,494307392.0,268
221141840.0,433097120.0,269
219465504.0,380120608.0,270
208874224.0,424397088.0,271
216284048.0,343488096.0,272
235316560.0,456538144.0,273
226291808.0,464221376.0,274
305368352.0,252111280.0,275
233268896.0,335564608.0,276
247354112.0,485071744.0,277
213177680.0,361795968.0,278
203460544.0,386861120.0,279
205435600.0,435919104.0,280
207214640.0,380877632.0,281
266053840.0,324339392.0,282
435390080.0,509853856.0,283
272292800.0,277009952.0,284
212346224.0,362071360.0,285
209905456.0,345846496.0,286
196982016.0,372539904.0,287
194612992.0,413879616.0,288
194293600.0,378891648.0,289
196614432.0,317991936.0,290
201279520.0,420200192.0,291
212693280.0,268736928.0,292
269192128.0,734229376.0,293
257969376.0,361995456.0,294
231886176.0,282163200.0,295
204314512.0,341862144.0,296
213282176.0,380255200.0,297
197200144.0,297282720.0,298
194015952.0,363533024.0,299
196511936.0,373564832.0,300
199903632.0,394486464.0,301
223901872.0,495119264.0,302
234787824.0,282805728.0,303
206018704.0,323521536.0,304
211361360.0,348016736.0,305
187688592.0,409976032.0,306
203392368.0,417621856.0,307
212979904.0,282335200.0,308
188586384.0,374873760.0,309
200573120.0,322854912.0,310
203919232.0,546493184.0,311
221799504.0,412855840.0,312
285965184.0,506858464.0,313
318508352.0,262879888.0,314
261683184.0,480769088.0,315
203868112.0,466829920.0,316
189736608.0,347121536.0,317
193394480.0,373341504.0,318
191543312.0,374199488.0,319
188526016.0,401931968.0,320
187666032.0,348052800.0,321
188120672.0,483677184.0,322
190143872.0,294972320.0,323
197514496.0,451235136.0,324
201289024.0,366632704.0,325
188900208.0,373760704.0,326
191357328.0,434839456.0,327
196638992.0,296204768.0,328
212817200.0,267940624.0,329
259849696.0,413247424.0,330
210478336.0,634806464.0,331
199123232.0,331753248.0,332
192759392.0,414175872.0,333
184085712.0,553742400.0,334
187266848.0,546844032.0,335
225922128.0,389700992.0,336
191657904.0,360895136.0,337
188007808.0,402305248.0,338
268670368.0,418764128.0,339
198211984.0,273069344.0,340
188164144.0,404640864.0,341
183514288.0,536606080.0,342
193639424.0,303337504.0,343
187859984.0,403326080.0,344
187020416.0,351032512.0,345
182674320.0,372937536.0,346
190680592.0,376958880.0,347
191405728.0,366568608.0,348
186220528.0,308639648.0,349
191156480.0,516106656.0,350
232200640.0,370292448.0,351
191823024.0,325794080.0,352
230698464.0,473199552.0,353
202978352.0,440068480.0,354
185539280.0,422312832.0,355
185099232.0,302473472.0,356
486005088.0,490057152.0,357
233258256.0,650837376.0,358
200473824.0,514738912.0,359
186761056.0,509228000.0,360
186396560.0,449291232.0,361
178103792.0,336220384.0,362
176807552.0,389119232.0,363
180518032.0,371889472.0,364
172704704.0,376208832.0,365
176946368.0,456477856.0,366
266342128.0,478297312.0,367
185319808.0,282216480.0,368
195938592.0,372332832.0,369
176378112.0,360567328.0,370
174125568.0,372061664.0,371
172622896.0,413202528.0,372
172232464.0,378551520.0,373
184884976.0,443143808.0,374
172956192.0,313078304.0,375
172493200.0,405962528.0,376
175072944.0,329079296.0,377
247578752.0,998574144.0,378
277967968.0,279932192.0,379
227086832.0,291048384.0,380
179952032.0,269623104.0,381
189429920.0,374338880.0,382
188468096.0,291157632.0,383
186907984.0,399629120.0,384
168821520.0,351730560.0,385
166835296.0,361933728.0,386
166911392.0,314722784.0,387
167874736.0,385811520.0,388
164665456.0,328386752.0,389
179886800.0,541964992.0,390
181021456.0,351454880.0,391
165062336.0,351764800.0,392
170768384.0,449599616.0,393
186177408.0,462691168.0,394
176350656.0,305603168.0,395
166900496.0,359647040.0,396
170676528.0,375778528.0,397
181789552.0,342271328.0,398
255293456.0,616675648.0,399
223687920.0,263195840.0,400
169844080.0,372390560.0,401
173513440.0,354643488.0,402
210102080.0,485227776.0,403
189609680.0,368283936.0,404
176872544.0,312377184.0,405
165849712.0,355863136.0,406
158835472.0,447632960.0,407
168114240.0,373991072.0,408
160031792.0,407404256.0,409
165016336.0,345601984.0,410
190273168.0,580902528.0,411
189547264.0,273774400.0,412
169441952.0,325581056.0,413
164337856.0,283855296.0,414
162411872.0,348145504.0,415
158039360.0,367545792.0,416
167344880.0,398357632.0,417
161056864.0,407587552.0,418
168270224.0,365833184.0,419
163087536.0,283914016.0,420
175845280.0,831002048.0,421
294633568.0,320578624.0,422
235422864.0,377094688.0,423
167203104.0,406136480.0,424
157671152.0,322506080.0,425
157150176.0,403755744.0,426
164908448.0,290689696.0,427
160112992.0,311312640.0,428
168447312.0,329581312.0,429
164997600.0,326559744.0,430
158416720.0,358362048.0,431
154259776.0,373180576.0,432
158088096.0,396882688.0,433
154337088.0,347598560.0,434
155883376.0,331057120.0,435
164753344.0,504962592.0,436
165511568.0,290551072.0,437
190134320.0,341033984.0,438
165896208.0,538447744.0,439
177642896.0,427283872.0,440
171720064.0,673598080.0,441
177725296.0,434977568.0,442
176023808.0,438834720.0,443
172537760.0,641973056.0,444
183381200.0,363529120.0,445
180031216.0,493180704.0,446
163312064.0,329274112.0,447
157118032.0,423548288.0,448
151358496.0,379055552.0,449
160393008.0,315092640.0,450
166828992.0,313248736.0,451
165511296.0,374515200.0,452
163345344.0,514832160.0,453
162357520.0,294689760.0,454
161686704.0,398738080.0,455
160336960.0,382358496.0,456
147798320.0,373099776.0,457
149947248.0,436994400.0,458
160429600.0,266618944.0,459
172761856.0,476880480.0,460
170325344.0,419259616.0,461
163125440.0,331349696.0,462
171534896.0,275838464.0,463
180448816.0,404382528.0,464
175358528.0,354603168.0,465
160083296.0,411862592.0,466
154158624.0,347866336.0,467
160941264.0,381145568.0,468
158380304.0,338370016.0,469
155609296.0,375154816.0,470
157979936.0,373916512.0,471
148194400.0,337260608.0,472
153670656.0,285617984.0,473
185205968.0,575943488.0,474
188668000.0,333911008.0,475
171636192.0,435936544.0,476
160178592.0,361794720.0,477
162671616.0,293959808.0,478
155456800.0,458151200.0,479
151862624.0,320997952.0,480
144081232.0,322615968.0,481
143615104.0,373602016.0,482
140657968.0,361917792.0,483
144786496.0,363436384.0,484
140836544.0,381084992.0,485
138087584.0,327107232.0,486
154761344.0,398915424.0,487
152001904.0,307218976.0,488
154162176.0,469071584.0,489
188440928.0,405492928.0,490
160382672.0,247729872.0,491
189603168.0,501620384.0,492
172618496.0,341308288.0,493
143616368.0,289180352.0,494
151803120.0,373596352.0,495
140173280.0,392696448.0,496
139698384.0,334127904.0,497
142791312.0,331616832.0,498
178266752.0,457411456.0,499
149632672.0,275702176.0,500
156248752.0,372032128.0,501
143433328.0,436254432.0,502
145717792.0,361348960.0,503
138706624.0,302988704.0,504
143236576.0,406144448.0,505
138063936.0,270863264.0,506
149650848.0,351689952.0,507
142388112.0,405309088.0,508
142255424.0,321958688.0,509
140487600.0,310536576.0,510
175517584.0,221828672.0,511
182275776.0,408419296.0,512
166090432.0,320211584.0,513
178885168.0,315121728.0,514
148548048.0,363399136.0,515
151692768.0,313526912.0,516
142054448.0,313555968.0,517
136639120.0,284363648.0,518
138156896.0,431546080.0,519
136941072.0,285252704.0,520
141324400.0,343019232.0,521
142048432.0,361278048.0,522
139910928.0,328749568.0,523
132272264.0,402539200.0,524
140662784.0,455592352.0,525
176568080.0,364757824.0,526
170020512.0,280289696.0,527
183085008.0,337351488.0,528
170476144.0,255397424.0,529
157921952.0,472305120.0,530
201455328.0,326578592.0,531
149481872.0,374042848.0,532
138346064.0,275493376.0,533
138245856.0,302459616.0,534
133397168.0,385063136.0,535
150422176.0,295683200.0,536
142120752.0,322436992.0,537
137677872.0,297525248.0,538
138992384.0,400525120.0,539
134389728.0,294612800.0,540
138013920.0,273540864.0,541
148949072.0,350216640.0,542
151790800.0,285418624.0,543
130795168.0,284467296.0,544
136286160.0,278650272.0,545
138919472.0,427256384.0,546
132277784.0,329060480.0,547
134140592.0,319572160.0,548
126369096.0,291750944.0,549
130539392.0,367613280.0,550
147883040.0,266652464.0,551
137273904.0,440829120.0,552
142001968.0,350183680.0,553
134086832.0,304739744.0,554
144954384.0,396697536.0,555
151391680.0,272129472.0,556
133996832.0,326159040.0,557
134917664.0,305398912.0,558
151373120.0,264025376.0,559
140807168.0,389296896.0,560
127838848.0,347771072.0,561
129442544.0,288896192.0,562
130471880.0,331738592.0,563
175377232.0,344956384.0,564
153353984.0,294653504.0,565
136412416.0,308473152.0,566
147730720.0,251642064.0,567
136292928.0,412824064.0,568
126798232.0,318992032.0,569
122910768.0,307183232.0,570
123147976.0,316333920.0,571
126254320.0,268794528.0,572
125108000.0,301365984.0,573
132308368.0,296739456.0,574
129803672.0,338103968.0,575
129650056.0,343115360.0,576
127910032.0,283776352.0,577
143505184.0,386155072.0,578
162778080.0,280450976.0,579
228788048.0,473939584.0,580
150833344.0,305975936.0,581
147113312.0,309537664.0,582
126080024.0,393363776.0,583
125956728.0,321159744.0,584
123261392.0,319157408.0,585
129838560.0,338606112.0,586
126639944.0,307775296.0,587
120975384.0,317746368.0,588
119342952.0,295879040.0,589
129894840.0,246695760.0,590
121880952.0,350559552.0,591
125464120.0,288889152.0,592
140976512.0,309076864.0,593
123729136.0,308863712.0,594
121824336.0,342341376.0,595
119748584.0,312696832.0,596
138462864.0,457936800.0,597
160880384.0,287174912.0,598
166945408.0,465347072.0,599
184354336.0,384126048.0,600
143113680.0,347498784.0,601
122265216.0,362950976.0,602
124891600.0,386047104.0,603
132909176.0,270602688.0,604
137200608.0,342434848.0,605
133834232.0,353820000.0,606
149762528.0,297384704.0,607
136630480.0,392930144.0,608
130963136.0,349533920.0,609
119591368.0,339166176.0,610
121568856.0,334281408.0,611
114958448.0,305570400.0,612
118088232.0,387039712.0,613
136036320.0,282162752.0,614
120030344.0,328352608.0,615
118333536.0,329879264.0,616
124122320.0,278936992.0,617
132603808.0,394553024.0,618
137663408.0,273645792.0,619
146255216.0,385388832.0,620
166740272.0,208791376.0,621
295054464.0,453636608.0,622
168417200.0,359931840.0,623
138687136.0,391557088.0,624
130510528.0,346560992.0,625
119030312.0,343250112.0,626
115222056.0,302365696.0,627
114420552.0,328651136.0,628
113882008.0,326899872.0,629
114853968.0,307817664.0,630
114758960.0,384982016.0,631
119628648.0,345788896.0,632
116445240.0,351675840.0,633
122804144.0,329373568.0,634
129458792.0,317352896.0,635
117995528.0,395649888.0,636
122826232.0,269101792.0,637
119766344.0,321866528.0,638
111994824.0,351228640.0,639
114497872.0,271847264.0,640
124140040.0,435310048.0,641
172898368.0,328923904.0,642
123725536.0,303884928.0,643
130369008.0,397212832.0,644
124938240.0,293945728.0,645
147766832.0,402010688.0,646
138825520.0,307618624.0,647
123453696.0,399978560.0,648
117499784.0,265192896.0,649
117256520.0,389448032.0,650
111615632.0,340618400.0,651
110540728.0,336614112.0,652
110955008.0,319313184.0,653
117031176.0,364138304.0,654
118573112.0,326151136.0,655
134532000.0,536553312.0,656
213615600.0,396479296.0,657
158301456.0,303268864.0,658
132216976.0,315342976.0,659
134299856.0,430236768.0,660
127661544.0,249862304.0,661
116166368.0,350235200.0,662
113168152.0,337083936.0,663
113995544.0,328222944.0,664
111153496.0,319462528.0,665
108351760.0,279659424.0,666
110948984.0,347667776.0,667
117975880.0,291374848.0,668
110435392.0,323387104.0,669
120703840.0,340002016.0,670
134725344.0,327295872.0,671
115315528.0,362747200.0,672
119948704.0,348739456.0,673
119471120.0,360454336.0,674
128744448.0,464038720.0,675
126889416.0,324735136.0,676
115793208.0,352364768.0,677
131718216.0,334608000.0,678
108202728.0,343339552.0,679
111237584.0,361364672.0,680
114203696.0,304160352.0,681
109458888.0,330208448.0,682
109085336.0,310820256.0,683
117509600.0,353264704.0,684
159017696.0,310819584.0,685
126124456.0,408953536.0,686
135337552.0,263259168.0,687
126158728.0,396895680.0,688
117876664.0,301340608.0,689
113995488.0,405602592.0,690
108615304.0,373455232.0,691
163656800.0,327722048.0,692
129207936.0,307986816.0,693
114384272.0,393280608.0,694
108896592.0,277322880.0,695
108812568.0,301514432.0,696
110684184.0,299102752.0,697
108138096.0,358581184.0,698
117840056.0,269769504.0,699
106738392.0,365940512.0,700
109073856.0,309033120.0,701
107401608.0,289983104.0,702
103179064.0,373059360.0,703
102787368.0,320911936.0,704
102796000.0,337439424.0,705
108221136.0,280895776.0,706
130031032.0,363374144.0,707
144839408.0,426442944.0,708
221163760.0,358461856.0,709
147885744.0,517287616.0,710
209878288.0,402199456.0,711
132699096.0,289428544.0,712
104009656.0,305981632.0,713
101450848.0,287250048.0,714
104563080.0,270537376.0,715
99728376.0,295679680.0,716
99602608.0,297614752.0,717
101832280.0,276760672.0,718
100459368.0,303599008.0,719
102085984.0,274527520.0,720
108384304.0,331488512.0,721
117311208.0,331562624.0,722
104153184.0,315807328.0,723
105608424.0,324913408.0,724
102507976.0,318741600.0,725
102367856.0,261618000.0,726
98977288.0,327627456.0,727
99495680.0,316406304.0,728
118747968.0,353803456.0,729
147797984.0,339869760.0,730
105038792.0,405784256.0,731
106507792.0,293870496.0,732
112925624.0,490231296.0,733
132504608.0,279761696.0,734
122541840.0,347156640.0,735
224858384.0,330710464.0,736
114083264.0,336974464.0,737
103449520.0,303214080.0,738
103946984.0,319060608.0,739
98556128.0,336706464.0,740
96700688.0,313240416.0,741
95702184.0,322060448.0,742
97106680.0,337102816.0,743
104337136.0,279893184.0,744
96385480.0,352449728.0,745
100511248.0,305347040.0,746
95767424.0,340995232.0,747
101555208.0,290318304.0,748
97946536.0,360888064.0,749
98541480.0,349364672.0,750
129157184.0,364193920.0,751
133550872.0,478991552.0,752
108321488.0,290109632.0,753
99490056.0,323757120.0,754
96160872.0,350247264.0,755
99703568.0,296713760.0,756
109121992.0,430194624.0,757
106581064.0,332202144.0,758
117309584.0,282818592.0,759
104223088.0,419179872.0,760
110400472.0,283034304.0,761
112301648.0,286237696.0,762
98154248.0,357109312.0,763
104687160.0,303200608.0,764
118115480.0,262666544.0,765
121404624.0,415099360.0,766
113897736.0,367800160.0,767
98427256.0,322983424.0,768
98402248.0,344050240.0,769
93918880.0,298088896.0,770
95326136.0,302320256.0,771
100955392.0,358175296.0,772
101076776.0,298059648.0,773
99759120.0,445635936.0,774
99092528.0,311285280.0,775
111981920.0,370706400.0,776
113983048.0,377372192.0,777
100477144.0,411150624.0,778
119710496.0,325829088.0,779
107327896.0,462752832.0,780
102378112.0,398504480.0,781
111684552.0,278634944.0,782
125962152.0,398841600.0,783
101127656.0,363814848.0,784
107705104.0,340302080.0,785
95673176.0,471859936.0,786
120569752.0,309483168.0,787
96246352.0,292070624.0,788
97351744.0,401393888.0,789
95410576.0,287073664.0,790
90837088.0,311969152.0,791
92488552.0,319754240.0,792
91975832.0,283984448.0,793
98718792.0,390417088.0,794
125215568.0,302534496.0,795
100372368.0,369706112.0,796
91255144.0,374311520.0,797
101604744.0,373924544.0,798
98804152.0,323209792.0,799
105659640.0,333140448.0,800
107651640.0,333638304.0,801
92653624.0,348277632.0,802
88895848.0,396408768.0,803
90428688.0,321044896.0,804
107541728.0,439192992.0,805
128210120.0,313625632.0,806
136935872.0,637094976.0,807
159394704.0,252284016.0,808
98449528.0,323954816.0,809
89316712.0,343215360.0,810
89227608.0,314632480.0,811
89337992.0,396301696.0,812
97667112.0,311776192.0,813
91871904.0,315292032.0,814
94652576.0,391171488.0,815
88698488.0,250337040.0,816
106854696.0,415710528.0,817
112539224.0,360057088.0,818
100047440.0,440950880.0,819
93845952.0,336824192.0,820
89379440.0,411731616.0,821
92735040.0,358557632.0,822
132200784.0,451956512.0,823
107468224.0,362255104.0,824
117248664.0,259152992.0,825
105834104.0,351987552.0,826
89644160.0,345043744.0,827
86462928.0,324090272.0,828
84787664.0,358049664.0,829
85799720.0,342270656.0,830
92294840.0,369362144.0,831
100715216.0,378842624.0,832
87135688.0,337908512.0,833
88083248.0,353274112.0,834
95906912.0,291480160.0,835
100956864.0,599655744.0,836
161472080.0,340098528.0,837
123311464.0,365442816.0,838
95136248.0,281546528.0,839
110638656.0,354118688.0,840
95026440.0,403737952.0,841
101004368.0,297543104.0,842
91409168.0,379538848.0,843
98679304.0,295500576.0,844
92483600.0,385621792.0,845
102331296.0,328911264.0,846
90735264.0,429901088.0,847
89874584.0,346450784.0,848
91747424.0,346608992.0,849
92694328.0,349121728.0,850
89449688.0,346857376.0,851
96983208.0,288007776.0,852
90031520.0,439168672.0,853
90210984.0,286308256.0,854
84510976.0,358783488.0,855
84045304.0,358538528.0,856
107132856.0,379306848.0,857
96076448.0,449818240.0,858
157108352.0,251858672.0,859
115665024.0,310598784.0,860
90420032.0,340321568.0,861
89040784.0,285146528.0,862
94656440.0,387444736.0,863
88334936.0,304168992.0,864
104672104.0,382558624.0,865
87676352.0,359504288.0,866
83960056.0,318408160.0,867
84629568.0,370817568.0,868
84192704.0,358349600.0,869
87070920.0,382611520.0,870
90259264.0,297427008.0,871
82531656.0,363726816.0,872
85803712.0,327599488.0,873
84115608.0,339663680.0,874
96009560.0,312724704.0,875
89941104.0,439405344.0,876
92565024.0,314744288.0,877
88512704.0,399196672.0,878
94400888.0,353963264.0,879
81936776.0,359633984.0,880
81253448.0,331346400.0,881
84277168.0,329430304.0,882
80152928.0,367318272.0,883
114543216.0,321404096.0,884
101479056.0,385593888.0,885
103437832.0,457735520.0,886
122836208.0,317029216.0,887
98945440.0,432898880.0,888
99392616.0,355019712.0,889
92667808.0,374927424.0,890
94074120.0,336020672.0,891
129495256.0,356818400.0,892
95440400.0,328503072.0,893
90801016.0,289154176.0,894
86088536.0,349498432.0,895
81346072.0,320638624.0,896
78991304.0,311222336.0,897
82669608.0,312491040.0,898
78711800.0,285793376.0,899
76241408.0,342602848.0,900
80106904.0,339470496.0,901
84342944.0,335048128.0,902
76604072.0,289022496.0,903
85870424.0,248789296.0,904
89720520.0,407582560.0,905
108521336.0,312327776.0,906
117672496.0,340825568.0,907
89537440.0,322484896.0,908
84727192.0,318567552.0,909
76884576.0,294995232.0,910
88131800.0,422386880.0,911
84655456.0,324004960.0,912
80380928.0,380183744.0,913
83282936.0,309152032.0,914
78084680.0,312542016.0,915
77733712.0,263598464.0,916
77111312.0,348996608.0,917
78663112.0,321423456.0,918
85972752.0,338681024.0,919
92748328.0,281386368.0,920
117882760.0,293600160.0,921
88743264.0,318517056.0,922
78904088.0,330854720.0,923
79806464.0,379014720.0,924
82246296.0,363785440.0,925
86330600.0,257822608.0,926
85398968.0,277215136.0,927
84894480.0,426726496.0,928
88140072.0,394265696.0,929
106422272.0,326243936.0,930
80361904.0,315718464.0,931
83944552.0,306612768.0,932
88217960.0,327198560.0,933
126354704.0,312945440.0,934
82673816.0,371627136.0,935
84603096.0,320816384.0,936
80221392.0,325272512.0,937
74924600.0,329261696.0,938
87543672.0,305073152.0,939
89434176.0,438895200.0,940
80947112.0,347407712.0,941
77217624.0,330463232.0,942
82606920.0,298009888.0,943
99017512.0,399464416.0,944
92308376.0,371368096.0,945
87272480.0,290390688.0,946
79859584.0,290245760.0,947
79095384.0,329303936.0,948
74950952.0,322111808.0,949
75182592.0,371576768.0,950
80116312.0,323870656.0,951
75810264.0,359791616.0,952
81121928.0,315237408.0,953
94958464.0,406125856.0,954
83771496.0,323157088.0,955
79173872.0,321851424.0,956
76868096.0,358863168.0,957
79358600.0,273690944.0,958
105275360.0,419611104.0,959
90762648.0,341692256.0,960
97416104.0,346858752.0,961
81389688.0,323100768.0,962
76550960.0,335441824.0,963
76985384.0,293008384.0,964
78109928.0,327132064.0,965
72427464.0,303938528.0,966
76060688.0,352135968.0,967
86338248.0,319634368.0,968
91766616.0,441124768.0,969
100378000.0,338010016.0,970
83216576.0,385382848.0,971
82662896.0,353234816.0,972
72976568.0,323083744.0,973
81353728.0,399581696.0,974
78738096.0,349486144.0,975
72431928.0,305319424.0,976
78777328.0,358380512.0,977
76018328.0,314650944.0,978
82693144.0,327375136.0,979
78815136.0,322196320.0,980
71260608.0,332053920.0,981
78453048.0,453858880.0,982
84744512.0,326759200.0,983
76113720.0,347874560.0,984
75554160.0,304531328.0,985
75894088.0,323699904.0,986
84439104.0,345819520.0,987
113134928.0,376366304.0,988
94280632.0,341073280.0,989
98695424.0,298855296.0,990
74078080.0,359820864.0,991
83342360.0,364358592.0,992
78064664.0,367995552.0,993
75450816.0,361925024.0,994
75637336.0,356025056.0,995
77044968.0,304359008.0,996
79757800.0,359923584.0,997
77494488.0,291783136.0,998
83323808.0,435513664.0,999
100460144.0,300760352.0,1000
77348168.0,435282912.0,1001
103184312.0,341820608.0,1002
79175360.0,343087808.0,1003
86925176.0,370044320.0,1004
73150208.0,370379424.0,1005
70239072.0,334350592.0,1006
76259784.0,352845216.0,1007
70266768.0,315423136.0,1008
70018160.0,317706432.0,1009
69020920.0,330059040.0,1010
68101408.0,331409280.0,1011
69861000.0,313664512.0,1012
69217416.0,311400416.0,1013
74703096.0,418943776.0,1014
83950848.0,336060576.0,1015
75364448.0,403436544.0,1016
99759520.0,376477600.0,1017
131770880.0,299260832.0,1018
82495952.0,380323840.0,1019
79392936.0,283604416.0,1020
104778280.0,381514752.0,1021
97480776.0,306991904.0,1022
72250344.0,322704256.0,1023
69057504.0,364638368.0,1024
69923128.0,298565728.0,1025
69174888.0,337581696.0,1026
68565176.0,336652128.0,1027
69658664.0,318285824.0,1028
69702168.0,370417760.0,1029
88382496.0,326804064.0,1030
88987688.0,417993440.0,1031
88366000.0,347917120.0,1032
93435856.0,341036288.0,1033
82859304.0,280670112.0,1034
93559880.0,380193152.0,1035
79540352.0,356676384.0,1036
70015768.0,327820544.0,1037
68671944.0,349446656.0,1038
68386688.0,331470976.0,1039
67386384.0,384439936.0,1040
75928176.0,245404880.0,1041
73205912.0,285228640.0,1042
72587600.0,347460032.0,1043
68467976.0,319173856.0,1044
69007232.0,319913088.0,1045
77192952.0,304719552.0,1046
66711664.0,313526624.0,1047
68526712.0,366824384.0,1048
66013220.0,287601088.0,1049
75548640.0,333826336.0,1050
76491280.0,371753248.0,1051
69281080.0,282067840.0,1052
71255752.0,339001856.0,1053
98145584.0,273078784.0,1054
85141088.0,337054016.0,1055
77243976.0,321971072.0,1056
101167256.0,346412064.0,1057
85970064.0,323577600.0,1058
93263184.0,412691040.0,1059
78417856.0,276069184.0,1060
77129488.0,362470592.0,1061
79325712.0,296630656.0,1062
67205288.0,297519136.0,1063
64943300.0,313667936.0,1064
64397624.0,326238496.0,1065
63644932.0,364859072.0,1066
65059780.0,349448768.0,1067
64129772.0,308636960.0,1068
67375368.0,274805984.0,1069
70267184.0,342789472.0,1070
105097448.0,235491872.0,1071
135055600.0,327235936.0,1072
66138992.0,399273248.0,1073
71255832.0,348620160.0,1074
65483436.0,306041568.0,1075
73610240.0,318632992.0,1076
64456604.0,324059168.0,1077
63123388.0,346626112.0,1078
67008860.0,330010464.0,1079
63275400.0,363203424.0,1080
78061944.0,326532608.0,1081
75797112.0,313889408.0,1082
67723968.0,319458976.0,1083
79719432.0,290995232.0,1084
71181560.0,312592928.0,1085
74863080.0,426516480.0,1086
78439688.0,341882848.0,1087
68767528.0,315397152.0,1088
67974624.0,280571744.0,1089
70778904.0,338794624.0,1090
98106704.0,375142656.0,1091
82931704.0,381086592.0,1092
73806536.0,330770368.0,1093
79894320.0,409607360.0,1094
73254824.0,393198016.0,1095
71781176.0,403441600.0,1096
85708216.0,268800896.0,1097
66627884.0,345044384.0,1098
65112340.0,330453440.0,1099
64788784.0,311653568.0,1100
63546332.0,306766272.0,1101
64096600.0,328932544.0,1102
63512660.0,353523424.0,1103
64902896.0,315347456.0,1104
64145656.0,353925376.0,1105
75051256.0,282925056.0,1106
80567680.0,508761472.0,1107
88246632.0,314960160.0,1108
75227472.0,302996992.0,1109
73926592.0,422548320.0,1110
69021192.0,329066208.0,1111
71638392.0,317111776.0,1112
79776864.0,394089856.0,1113
126611400.0,354534208.0,1114
68948136.0,376928480.0,1115
70599520.0,345180320.0,1116
77940936.0,403061184.0,1117
70840904.0,272160576.0,1118
64999568.0,350960256.0,1119
60856684.0,305467488.0,1120
60362904.0,367210560.0,1121
58967916.0,332283040.0,1122
58815020.0,337150496.0,1123
69955800.0,407831008.0,1124
80272920.0,299317888.0,1125
79166240.0,341038624.0,1126
66740032.0,273591584.0,1127
67007308.0,292285408.0,1128
85148672.0,280745664.0,1129
83846008.0,354137920.0,1130
67413800.0,331645312.0,1131
67701664.0,367761024.0,1132
60412040.0,322638400.0,1133
61615568.0,355349536.0,1134
62389376.0,302142272.0,1135
73100160.0,260684096.0,1136
62375128.0,367805664.0,1137
73521784.0,325353280.0,1138
80572952.0,318845088.0,1139
79675104.0,443031136.0,1140
70385896.0,306815008.0,1141
80939624.0,326237056.0,1142
66959308.0,359881472.0,1143
61203792.0,285796768.0,1144
61961900.0,365873120.0,1145
59949196.0,329691296.0,1146
64920340.0,315013152.0,1147
59660632.0,324460032.0,1148
63692672.0,347186336.0,1149
61259376.0,314605728.0,1150
60091860.0,327364032.0,1151
61915948.0,284130272.0,1152
72041592.0,359838208.0,1153
122381192.0,357128864.0,1154
83650688.0,402920096.0,1155
68666704.0,296921696.0,1156
63920104.0,301116576.0,1157
62774000.0,332527616.0,1158
59729164.0,342388832.0,1159
105654664.0,309310080.0,1160
86335256.0,333645152.0,1161
81375560.0,290685760.0,1162
70726208.0,358555104.0,1163
62946872.0,266073920.0,1164
58796736.0,296358880.0,1165
57042944.0,291136256.0,1166
59508404.0,322721024.0,1167
65612568.0,329561280.0,1168
64887428.0,251693968.0,1169
62301564.0,342375936.0,1170
62459144.0,368518496.0,1171
108059112.0,347158080.0,1172
70650832.0,302417760.0,1173
69895584.0,342364448.0,1174
64164656.0,304378112.0,1175
63035252.0,299184224.0,1176
63881236.0,298989952.0,1177
100909488.0,258781568.0,1178
103802888.0,426304736.0,1179
90486672.0,354923840.0,1180
63354376.0,326734240.0,1181
59571148.0,319882368.0,1182
58446036.0,324356608.0,1183
58980204.0,322156768.0,1184
56019520.0,310894976.0,1185
53989908.0,304510240.0,1186
54791504.0,285878304.0,1187
60193756.0,323808064.0,1188
62944368.0,279537056.0,1189
56839120.0,340558880.0,1190
60100624.0,299174144.0,1191
58789264.0,322510080.0,1192
78967112.0,377632544.0,1193
86024168.0,242499888.0,1194
65520312.0,365552704.0,1195
60647688.0,350416672.0,1196
56637724.0,321673248.0,1197
65557332.0,336068608.0,1198
64138312.0,319663904.0,1199
66864328.0,381786464.0,1200
59403780.0,347651456.0,1201
65318256.0,278886048.0,1202
86158512.0,310737184.0,1203
61317304.0,275160448.0,1204
60436524.0,326059104.0,1205
56211804.0,301630144.0,1206
60654020.0,303062880.0,1207
61704848.0,304785888.0,1208
56461960.0,283047648.0,1209
67955416.0,354119584.0,1210
69642568.0,254487984.0,1211
102078152.0,490026272.0,1212
101056552.0,347763648.0,1213
62375892.0,354829280.0,1214
56560100.0,283820992.0,1215
59450604.0,336460736.0,1216
53666772.0,321221024.0,1217
59386224.0,311325632.0,1218
53724424.0,326849248.0,1219
53479772.0,359821568.0,1220
53511928.0,325505632.0,1221
54359924.0,337114880.0,1222
57222932.0,310972992.0,1223
76887440.0,386145472.0,1224
81079192.0,419335520.0,1225
82855872.0,382032864.0,1226
77908672.0,352354432.0,1227
62553064.0,284246784.0,1228
70506776.0,388821216.0,1229
62316208.0,322881984.0,1230
61945596.0,320076288.0,1231
73974792.0,336507968.0,1232
90283432.0,467659968.0,1233
68056688.0,302101856.0,1234
58696704.0,316623584.0,1235
55227688.0,305253344.0,1236
51737944.0,307033024.0,1237
53608360.0,338859360.0,1238
54510624.0,363005760.0,1239
53736944.0,303832000.0,1240
52830560.0,336687328.0,1241
59862540.0,326698912.0,1242
60955716.0,366956128.0,1243
58890784.0,313381152.0,1244
60867740.0,294552160.0,1245
65413124.0,361390496.0,1246
64782492.0,270080896.0,1247
56860204.0,325367264.0,1248
57895560.0,320567008.0,1249
72835320.0,346271552.0,1250
119186576.0,581771072.0,1251
98269024.0,276133280.0,1252
74711544.0,340928480.0,1253
63392912.0,267653856.0,1254
67407744.0,332848800.0,1255
56993536.0,285949952.0,1256
57626100.0,295629312.0,1257
51205012.0,312603872.0,1258
50972336.0,294438080.0,1259
50424596.0,294128960.0,1260
50976384.0,314355680.0,1261
51802080.0,301411744.0,1262
56458796.0,374752640.0,1263
60690092.0,307129280.0,1264
55400544.0,325459328.0,1265
53664940.0,338322688.0,1266
72396992.0,258566848.0,1267
75289200.0,347177728.0,1268
87036944.0,322280384.0,1269
76615248.0,268507840.0,1270
61180524.0,303370976.0,1271
66787664.0,337973728.0,1272
57016860.0,282552960.0,1273
62548920.0,320779104.0,1274
51650292.0,299636864.0,1275
51778812.0,299669248.0,1276
51723524.0,316501440.0,1277
49218460.0,317407040.0,1278
60472404.0,250889072.0,1279
62642636.0,320658208.0,1280
70588032.0,334640096.0,1281
81160064.0,300664928.0,1282
69565536.0,405685536.0,1283
89959176.0,347331776.0,1284
78762344.0,381528640.0,1285
68610712.0,296920768.0,1286
57019420.0,321830880.0,1287
53487500.0,293934336.0,1288
49738936.0,321812640.0,1289
52600920.0,301113120.0,1290
52012608.0,293601120.0,1291
50928316.0,278647936.0,1292
50086176.0,285270240.0,1293
52580728.0,321526368.0,1294
54148888.0,358484416.0,1295
55643152.0,243691600.0,1296
67822992.0,395697824.0,1297
70525920.0,285645280.0,1298
137715904.0,460494752.0,1299
71608592.0,424234784.0,1300
82539672.0,315703520.0,1301
52648724.0,365793120.0,1302
51607432.0,343897440.0,1303
49686544.0,307090208.0,1304
50539032.0,288001312.0,1305
48714488.0,304830144.0,1306
48364844.0,334904096.0,1307
47175148.0,297765504.0,1308
55980844.0,304797600.0,1309
72901616.0,367398560.0,1310
119462664.0,344117920.0,1311
160629104.0,336855712.0,1312
104389536.0,309483520.0,1313
67398344.0,279745408.0,1314
57611116.0,321554784.0,1315
51183520.0,288035904.0,1316
51314712.0,334725728.0,1317
47365256.0,325681568.0,1318
48204952.0,307579392.0,1319
46744156.0,317071744.0,1320
46615668.0,311597184.0,1321
46373480.0,301793536.0,1322
47388232.0,314956224.0,1323
47341836.0,306241536.0,1324
48596340.0,316418016.0,1325
47842324.0,285431616.0,1326
50017592.0,321675936.0,1327
53938676.0,363667232.0,1328
77305672.0,401586208.0,1329
79606184.0,260268240.0,1330
63350176.0,320122688.0,1331
53169308.0,314768704.0,1332
52016808.0,281801760.0,1333
51580080.0,285483456.0,1334
61912676.0,326175872.0,1335
51663448.0,343009376.0,1336
57309712.0,280190784.0,1337
61436332.0,411942400.0,1338
59334896.0,304429024.0,1339
65532964.0,397476256.0,1340
66907880.0,271652096.0,1341
78966952.0,368499840.0,1342
55439696.0,266617280.0,1343
57088492.0,302577248.0,1344
48812972.0,306424768.0,1345
46501416.0,313349504.0,1346
48562360.0,306402560.0,1347
53372584.0,321139584.0,1348
50680156.0,307713696.0,1349
49281868.0,313985632.0,1350
52393224.0,328030304.0,1351
61667472.0,292759200.0,1352
74679544.0,306510784.0,1353
68619856.0,357082816.0,1354
60169340.0,328539264.0,1355
67809072.0,300257184.0,1356
77885888.0,381253568.0,1357
64261152.0,298153728.0,1358
51875580.0,310776256.0,1359
50081048.0,298685728.0,1360
45386328.0,311325984.0,1361
45585912.0,316234528.0,1362
47164268.0,315525568.0,1363
45663648.0,301729824.0,1364
44926484.0,318095680.0,1365
47073488.0,323668640.0,1366
51403316.0,331760256.0,1367
70525376.0,331736192.0,1368
55736428.0,340039328.0,1369
53844576.0,287085120.0,1370
49548108.0,309808192.0,1371
58437200.0,312620544.0,1372
70555376.0,293664128.0,1373
97736352.0,314556928.0,1374
76943976.0,332365280.0,1375
65258452.0,301204448.0,1376
51599160.0,294061600.0,1377
47649120.0,340802432.0,1378
47188924.0,292372416.0,1379
46912588.0,304013920.0,1380
49962144.0,290639392.0,1381
49126188.0,278420320.0,1382
54700324.0,311279712.0,1383
61649400.0,396191712.0,1384
65608256.0,229798256.0,1385
95408816.0,305020544.0,1386
63196592.0,267283616.0,1387
68196904.0,363947360.0,1388
72531512.0,383306304.0,1389
63078172.0,272540928.0,1390
47420404.0,314616096.0,1391
48819552.0,315834336.0,1392
46173024.0,287869728.0,1393
43961116.0,322767488.0,1394
44970056.0,311605440.0,1395
49513324.0,321856416.0,1396
48094628.0,309314752.0,1397
49035332.0,307073024.0,1398
52266656.0,320805024.0,1399
56336952.0,292609056.0,1400
47105808.0,329822784.0,1401
61356928.0,327204896.0,1402
58996588.0,343660800.0,1403
91401992.0,270215360.0,1404
84130016.0,323916576.0,1405
65003572.0,271582944.0,1406
63867032.0,311789824.0,1407
51767744.0,327867808.0,1408
48294344.0,299241152.0,1409
45454100.0,289614208.0,1410
43231428.0,288223136.0,1411
42741452.0,284882848.0,1412
42864744.0,315702688.0,1413
42244248.0,299866304.0,1414
42861448.0,287918496.0,1415
45222524.0,290540352.0,1416
44609588.0,309237216.0,1417
44633064.0,269205376.0,1418
51414016.0,318724352.0,1419
58536872.0,299478592.0,1420
87005688.0,416081408.0,1421
111997688.0,419019392.0,1422
66372060.0,313883520.0,1423
52978760.0,318710048.0,1424
46871784.0,327541984.0,1425
46468496.0,301796064.0,1426
52344604.0,323815776.0,1427
54542944.0,303526336.0,1428
64800808.0,288265472.0,1429
66413612.0,330500352.0,1430
57855072.0,278272032.0,1431
60937864.0,267387488.0,1432
73673792.0,341852768.0,1433
67446864.0,284129728.0,1434
57982872.0,346267104.0,1435
46130884.0,313671520.0,1436
44181380.0,321332096.0,1437
43007624.0,298983520.0,1438
43638968.0,315753888.0,1439
43155636.0,304926016.0,1440
44183020.0,326657184.0,1441
47901556.0,282166656.0,1442
50588340.0,275957888.0,1443
47325516.0,312819008.0,1444
47038380.0,309765536.0,1445
48164072.0,329378368.0,1446
50719556.0,385471840.0,1447
74643664.0,287250336.0,1448
73768232.0,398976352.0,1449
73073768.0,281767616.0,1450
66917076.0,304486880.0,1451
55383864.0,301346272.0,1452
52656940.0,272521248.0,1453
69885688.0,435812992.0,1454
102968864.0,326241248.0,1455
55215328.0,265771536.0,1456
48123348.0,308322176.0,1457
50567020.0,285095648.0,1458
48565744.0,294969184.0,1459
45990584.0,308756480.0,1460
45293016.0,309119616.0,1461
45066388.0,306435040.0,1462
43431860.0,294795168.0,1463
43249992.0,287517184.0,1464
45170908.0,289772288.0,1465
46555256.0,319595168.0,1466
46011340.0,311274496.0,1467
46804296.0,290745600.0,1468
44562904.0,277439424.0,1469
55757692.0,383612320.0,1470
72150512.0,265807200.0,1471
78169608.0,274199392.0,1472
72954320.0,359397984.0,1473
54862744.0,282531904.0,1474
52458124.0,266247760.0,1475
66564524.0,363769504.0,1476
78381136.0,296776576.0,1477
49832156.0,274299776.0,1478
58529396.0,305994144.0,1479
51658184.0,350444320.0,1480
48922740.0,327990080.0,1481
46644164.0,311526976.0,1482
44188728.0,276917024.0,1483
44199312.0,295321216.0,1484
44508320.0,295676192.0,1485
42683740.0,324650752.0,1486
44154724.0,284332032.0,1487
47756244.0,295318848.0,1488
49111824.0,364492224.0,1489
74862256.0,289033152.0,1490
67823832.0,309696384.0,1491
54816012.0,305359392.0,1492
47675108.0,320170880.0,1493
55870960.0,273771744.0,1494
52434556.0,357788032.0,1495
64189460.0,330304128.0,1496
80176376.0,347409344.0,1497
56914740.0,304653216.0,1498
49286412.0,297516608.0,1499
